"Year","Age0","Age1","Age2","Age3","Age4","Age5","Age6","Age7","Age8","Age9","Age10","Age11","Age12","Age13","Age14","Age15","Age16","Age17","Age18","Age19","Age20","Age21","Age22","Age23","Age24","Age25","Age26","Age27","Age28","Age29","Age30","Age31","Age32","Age33","Age34","Age35","Age36","Age37","Age38","Age39","Age40"
1916,17187.5,15189.8,13420.9,11857.2,10475.1,9253.66,8174.29,7220.57,6377.92,5633.43,4975.69,4394.6,3881.26,3427.78,3027.2,2673.36,2360.83,2087.56,1843.16,1627.37,1436.84,1268.63,1120.1,988.965,873.182,770.954,680.695,601.003,530.64,468.515,413.664,365.234,322.474,284.721,251.387,221.956,195.97,173.027,152.77,134.884,1017.24
1917,17171.5,15175.3,13411.4,11849.6,10468.9,9247.92,8168.28,7214.36,6372.02,5628.17,4971.13,4390.69,3877.92,3424.93,3024.77,2671.28,2359.05,2083.27,1842.12,1626.45,1436.04,1267.91,1119.47,988.409,872.691,770.52,680.312,600.664,530.341,468.252,413.431,365.029,322.293,284.56,251.246,221.831,195.86,172.93,152.684,134.809,1016.66
1918,17153.6,15161.2,13398.7,11841.3,10462.1,9241.96,8162.09,7207.43,6364.76,5621.26,4964.93,4385.29,3873.26,3420.91,3021.3,2668.3,2356.48,2081.04,1837.75,1625.03,1434.78,1266.8,1118.49,987.542,871.925,769.845,679.715,600.137,529.876,467.841,413.069,364.709,322.01,284.311,251.025,221.636,195.688,172.778,152.55,134.69,1015.77
1919,17133.8,15145.3,13386.2,11830,10454.7,9235.79,8156.37,7201.29,6357.9,5614.14,4958.19,4379.25,3867.98,3416.34,3017.36,2664.89,2353.53,2078.49,1835.55,1620.96,1433.33,1265.52,1117.36,986.545,871.046,769.068,679.029,599.532,529.342,467.369,412.652,364.341,321.685,284.024,250.772,221.413,195.491,172.604,152.396,134.554,1014.75
1920,17112.8,15127.9,13372.2,11819,10444.8,9229.71,8152.03,7197.85,6354.25,5609.77,4953.44,4374.66,3863.86,3412.76,3014.27,2662.25,2351.26,2076.54,1833.87,1619.52,1430.19,1264.64,1116.58,985.857,870.438,768.532,678.556,599.114,528.972,467.043,412.364,364.086,321.461,283.826,250.597,221.258,195.355,172.483,152.29,134.461,1014.04
1921,17089.9,15109.3,13356.8,11806.6,10435.1,9220.97,8146.6,7193.93,6351.11,5606.45,4949.5,4370.4,3859.74,3409.06,3011.05,2659.48,2348.88,2074.5,1832.12,1618.01,1428.89,1261.85,1115.78,985.153,869.816,767.982,678.071,598.686,528.595,466.709,412.069,363.826,321.231,283.623,250.418,221.1,195.215,172.36,152.181,134.364,1013.31
1922,17065,15089.1,13340.4,11793,10424.2,9212.55,8139.31,7189.77,6348.35,5604.35,4947.17,4367.45,3856.45,3405.84,3008.16,2656.96,2346.72,2072.66,1830.54,1616.67,1427.74,1260.86,1113.46,984.569,869.301,767.527,677.669,598.331,528.281,466.433,411.825,363.611,321.041,283.455,250.27,220.969,195.099,172.258,152.091,134.285,1012.71
1923,17037.8,15067.1,13322.5,11778.6,10412.2,9203.05,8132.16,7183.74,6345.11,5602.33,4945.7,4365.74,3854.15,3403.2,3005.55,2654.61,2344.69,2070.91,1829.06,1615.4,1426.66,1259.94,1112.67,982.592,868.853,767.132,677.32,598.023,528.009,466.192,411.613,363.423,320.876,283.309,250.141,220.855,194.999,172.169,152.013,134.216,1012.19
1924,17008,15043.1,13303.1,11762.8,10399.5,9192.4,8123.6,7177.17,6339.5,5599.2,4943.66,4364.21,3852.44,3401,3003.07,2652.18,2342.5,2069.01,1827.43,1614.01,1425.47,1258.92,1111.8,981.847,867.064,766.698,676.936,597.684,527.71,465.929,411.38,363.218,320.694,283.149,249.999,220.73,194.888,172.072,151.926,134.14,1011.62
1925,16975.6,15016.8,13281.9,11745.6,10385.6,9181.41,8114.9,7170.64,6334.84,5595.34,4941.89,4363.3,3851.87,3400.18,3001.73,2650.52,2340.82,2067.5,1826.12,1612.89,1424.53,1258.13,1111.13,981.279,866.582,765.274,676.69,597.467,527.518,465.759,411.23,363.086,320.577,283.046,249.908,220.65,194.817,172.009,151.871,134.091,1011.25
1926,16940,14988.2,13258.7,11726.9,10370.4,9169,8104.88,7162.51,6328.59,5590.76,4938.06,4361.36,3850.73,3399.38,3000.75,2649.11,2339.16,2065.84,1824.62,1611.6,1423.42,1257.19,1110.33,980.601,866.006,764.783,675.376,597.198,527.281,465.55,411.045,362.922,320.433,282.918,249.796,220.551,194.73,171.932,151.803,134.031,1010.8
1927,16900.5,14956.7,13233.5,11706.4,10353.9,9155.3,8093.12,7152.48,6320.09,5583.97,4932.86,4356.95,3848.11,3397.58,2999.34,2647.62,2337.36,2063.88,1822.73,1609.9,1421.94,1255.91,1109.24,979.666,865.203,764.093,674.782,595.897,526.919,465.23,410.763,362.673,320.213,282.724,249.624,220.399,194.596,171.814,151.699,133.939,1010.1
1928,16857.5,14921.9,13205.7,11684.1,10335.8,9140.9,8081.5,7142.75,6311.92,5577.1,4927.43,4352.86,3844.66,3395.65,2998.09,2646.68,2336.31,2062.53,1821.21,1608.41,1420.61,1254.75,1108.24,978.814,864.476,763.472,674.25,595.441,525.831,464.963,410.528,362.465,320.03,282.562,249.481,220.273,194.485,171.715,151.612,133.862,1009.52
1929,16810.3,14883.9,13174.9,11659.6,10316.1,9124.84,8068.56,7132.13,6302.9,5569.46,4920.98,4347.72,3840.74,3392.33,2996.14,2645.35,2335.29,2061.44,1819.87,1606.94,1419.18,1253.47,1107.13,977.855,863.654,762.768,673.647,594.923,525.386,463.965,410.259,362.228,319.82,282.377,249.318,220.129,194.357,171.603,151.513,133.774,1008.86
1930,16758.7,14842.2,13141.4,11632.4,10294.4,9107.55,8054.54,7120.87,6293.66,5561.61,4914.32,4342.09,3836.26,3388.92,2993.26,2643.68,2334.16,2060.57,1818.93,1605.78,1417.9,1252.23,1106.01,976.884,862.821,762.054,673.036,594.4,524.937,463.58,409.385,361.997,319.616,282.197,249.159,219.988,194.233,171.493,151.416,133.689,1008.22
1931,16701.9,14796.6,13104.6,11602.8,10270.4,9088.13,8038.56,7107.5,6282.66,5552.45,4906.49,4335.41,3830.59,3384.34,2989.69,2640.64,2332.25,2059.19,1817.83,1604.66,1416.62,1250.87,1104.71,975.719,861.805,761.178,672.282,593.751,524.378,463.098,408.969,361.158,319.352,281.964,248.953,219.807,194.073,171.352,151.291,133.579,1007.39
1932,16640.1,14746.6,13064.3,11570.3,10244.3,9067.05,8021.74,7093.86,6271.37,5543.22,4898.84,4328.89,3825.04,3379.64,2985.92,2637.74,2329.78,2057.69,1816.77,1603.82,1415.75,1249.85,1103.61,974.661,860.854,760.35,671.569,593.139,523.853,462.646,408.58,360.823,318.641,281.757,248.77,219.646,193.931,171.226,151.18,133.48,1006.65
1933,16572.7,14692,13020.1,11534.8,10215.6,9044,8003.15,7079.02,6259.33,5533.25,4890.69,4322.13,3819.27,3374.73,2981.77,2634.4,2327.21,2055.5,1815.44,1602.89,1415.01,1249.08,1102.71,973.687,859.917,759.509,670.837,592.508,523.311,462.181,408.181,360.48,318.345,281.129,248.587,219.484,193.787,171.1,151.068,133.382,1005.9
1934,16499.3,14632.4,12971.9,11495.8,10184.3,9018.92,7983.34,7063.28,6246.87,5523.18,4882.37,4315.36,3813.68,3369.97,2977.72,2630.99,2324.49,2053.43,1813.69,1601.87,1414.32,1248.55,1102.14,972.984,859.141,758.755,670.159,591.918,522.804,461.748,407.809,360.162,318.072,280.894,248.056,219.343,193.663,170.99,150.971,133.296,1005.26
1935,16419.1,14567.6,12919.3,11453.2,10149.8,8991.18,7961.02,7045.55,6232.75,5511.98,4873.31,4307.86,3807.56,3364.91,2973.41,2627.32,2321.39,2050.96,1811.8,1600.27,1413.37,1247.89,1101.63,972.443,858.49,758.043,669.47,591.299,522.265,461.284,407.412,359.821,317.78,280.644,247.841,218.867,193.532,170.874,150.869,133.206,1004.58
1936,16331.4,14496.8,12862.1,11406.8,10112.2,8960.65,7936.32,7025.57,6216.8,5499.24,4863.17,4299.64,3800.74,3359.34,2968.79,2623.38,2318.03,2048.11,1809.52,1598.51,1411.88,1246.99,1100.99,971.943,857.967,757.428,668.806,590.66,521.691,460.784,406.982,359.452,317.463,280.371,247.606,218.665,193.102,170.749,150.759,133.109,1003.84
1937,16235.1,14419.4,12799.6,11356.3,10071.2,8927.3,7908.98,7003.25,6198.63,5484.67,4851.48,4290.3,3793.14,3353.02,2963.61,2619.07,2314.35,2044.97,1806.85,1596.36,1410.21,1245.56,1100.09,971.296,857.448,756.899,668.203,590.021,521.08,460.236,406.504,359.039,317.108,280.066,247.343,218.438,192.906,170.354,150.635,132.999,1003.02
1938,16129.1,14334.4,12731.2,11301.1,10026.6,8891.24,7879.86,6979.49,6179.27,5468.91,4838.86,4280.19,3785.08,3346.46,2958.16,2614.61,2310.65,2041.81,1804.15,1594.07,1408.37,1244.14,1098.89,970.547,856.916,756.475,667.766,589.515,520.54,459.718,406.039,358.634,316.759,279.766,247.085,218.216,192.715,170.189,150.293,132.896,1002.24
1939,16012.1,14240.8,12656.2,11240.7,9977.9,8852.07,7848.52,6954.51,6159.09,5452.59,4825.64,4269.67,3776.7,3339.83,2952.81,2610.19,2307.05,2038.84,1801.63,1591.93,1406.56,1242.7,1097.79,969.62,856.379,756.114,667.489,589.215,520.169,459.307,405.64,358.275,316.447,279.498,246.856,218.02,192.547,170.045,150.17,132.614,1001.61
1940,15883.7,14137.5,12573.6,11174.5,9924.64,8809.22,7814.23,6927.19,6137.37,5435.06,4811.48,4258.21,3767.6,3332.6,2947.1,2605.59,2303.25,2035.76,1799.09,1589.77,1404.73,1241.16,1096.57,968.698,855.602,755.677,667.202,588.998,519.929,459.002,405.297,357.94,316.145,279.236,246.631,217.828,192.383,169.905,150.049,132.511,1000.85
1941,15743.2,14024.1,12482.3,11101.5,9866.11,8761.97,7775.67,6895.61,6111.61,5414.19,4794.41,4244.26,3756.2,3323.42,2939.71,2599.65,2298.4,2031.71,1795.76,1586.99,1402.35,1239.12,1094.83,967.29,854.495,754.731,666.587,588.543,519.559,458.632,404.888,357.515,315.741,278.874,246.315,217.555,192.147,169.702,149.874,132.36,999.743
1942,15591.1,13900.1,12382.2,11020.9,9801.72,8710.34,7733.96,6861.43,6083.46,5391.11,4775.65,4228.89,3743.61,3313.11,2931.39,2592.93,2292.99,2027.28,1792.05,1583.92,1399.78,1236.92,1092.95,965.684,853.186,753.697,665.702,587.955,519.117,458.271,404.531,357.127,315.342,278.496,245.977,217.259,191.892,169.481,149.684,132.195,998.557
1943,15431.3,13765.8,12272.7,10932.6,9730.61,8653.61,7688.43,6824.37,6052.77,5365.62,4754.63,4211.72,3729.49,3301.51,2921.85,2585.2,2286.72,2022.2,1787.87,1580.42,1396.87,1234.48,1090.85,963.879,851.642,752.429,664.689,587.085,518.52,457.812,404.151,356.758,314.952,278.101,245.607,216.928,191.602,169.23,149.466,132.007,997.215
1944,15265.1,13624.7,12154.1,10835.9,9652.5,8589.65,7633.59,6774.75,6007.61,5325.38,4719.64,4181.84,3704.22,3280.07,2903.65,2569.74,2273.66,2011.15,1778.51,1572.41,1389.96,1228.53,1085.71,959.39,847.722,749.011,661.754,584.587,516.336,456.034,402.641,355.447,313.765,276.997,244.587,216.009,190.786,168.512,148.836,131.454,993.14
1945,15091.6,13478,12029.6,10731.2,9567,8519.03,7570.57,6713.4,5946.8,5267.58,4667.11,4135.5,3664.04,3245.5,2873.86,2544.06,2251.5,1992.08,1762.08,1558.25,1377.68,1217.82,1076.39,951.251,840.576,742.738,656.251,579.8,512.19,452.391,399.557,352.777,311.427,274.907,242.693,214.297,189.257,167.159,147.643,130.404,985.32
1946,14913.2,13324.8,11900,10621.2,9474.36,8441.19,7498.92,6639.46,5868.67,5188.69,4592.22,4067.48,3603.81,3192.86,2828.12,2504.26,2216.87,1961.94,1735.89,1535.46,1357.85,1200.5,1061.2,937.955,828.912,732.471,647.215,571.851,505.233,446.318,394.21,348.17,307.407,271.375,239.552,211.48,186.736,164.917,145.661,128.655,972.233
1947,14749.6,13167.3,11764.7,10506.8,9377.34,8360.84,7436.29,6588.55,5819.86,5137.25,4539.31,4016.61,3557.39,3151.79,2792.37,2473.37,2190.14,1938.8,1715.84,1518.14,1342.86,1187.52,1049.91,928.087,820.301,724.936,640.592,566.031,500.12,441.858,390.333,344.761,304.497,268.847,237.335,209.503,184.953,163.313,144.231,127.39,962.796
1948,14599.3,13022.8,11625.7,10387.4,9276.43,8276.71,7372.1,6547.13,5793.44,5113.84,4512.62,3986.93,3527.7,3124.34,2768.11,2452.44,2172.27,1923.52,1702.77,1506.96,1333.33,1179.38,1042.96,922.098,815.104,720.44,636.685,562.608,497.124,439.237,388.068,342.815,302.791,267.428,236.118,208.442,183.999,162.437,143.432,126.672,957.469
1949,14463.6,12890.1,11498.2,10264.6,9171.1,8188.53,7300.73,6495.53,5763.09,5096.82,4497.83,3968.68,3506.25,3102.36,2747.63,2434.35,2156.74,1910.35,1691.59,1497.46,1325.26,1172.56,1037.18,917.203,810.916,716.824,633.574,559.917,494.772,437.183,386.276,341.277,301.481,266.282,235.183,207.648,183.309,161.813,142.852,126.137,953.422
1950,14352,12770.3,11381,10152,9062.72,8095.85,7224.26,6435.34,5721.3,5073.98,4486.54,3959,3493.16,3086.12,2730.62,2418.39,2142.64,1898.3,1681.44,1488.89,1318.02,1166.45,1032.06,912.896,807.297,713.746,630.928,557.654,492.823,435.485,384.797,339.99,300.382,265.355,234.374,207.002,182.766,161.344,142.424,125.734,950.198
1951,14277,12671.7,11275.2,10048.5,8963.26,7999.87,7141.56,6366.34,5666.34,5035.21,4464.59,3947.39,3483.16,3073.29,2715.17,2402.4,2127.69,1885.1,1670.12,1479.33,1309.92,1159.6,1026.25,908.003,803.165,710.259,627.953,555.09,490.623,433.585,383.139,338.544,299.123,264.276,233.459,206.202,182.12,160.797,141.95,125.304,946.604
1952,14253.4,12605.5,11188.2,9955.13,8871.92,7911.76,7055.29,6290.02,5600.87,4981.77,4425.61,3923.66,3469.01,3061,2700.8,2386.08,2111.21,1869.81,1656.61,1467.7,1300.03,1151.16,1019.05,901.86,797.949,705.818,624.172,551.842,487.811,431.158,381.033,336.701,297.511,262.868,232.245,205.163,181.21,160.046,141.308,124.745,941.988
1953,14303.3,12584.7,11129.7,9878.32,8789.45,7831.22,6977.8,6214.35,5534.06,4924.52,4378.92,3889.66,3448.37,3048.76,2690.18,2373.61,2097.01,1855.45,1643.29,1455.92,1289.89,1142.53,1011.7,895.594,792.602,701.28,620.311,548.556,484.988,428.714,378.924,334.872,295.911,261.468,231.022,204.109,180.308,159.257,140.657,124.189,937.502
1954,14448.7,12628.7,11111.3,9826.69,8721.69,7758.83,6907.98,6148.17,5470.02,4868.36,4331.03,3850.82,3420.45,3032.37,2680.96,2365.63,2087.25,1844.02,1631.6,1445.04,1280.28,1134.27,1004.69,889.643,787.547,696.981,616.676,545.475,482.377,426.478,376.993,333.21,294.472,260.211,229.924,203.151,179.485,158.555,140.044,123.688,933.606
1955,14708.3,12757.1,11150.2,9810.43,8676.09,7699.02,6844.27,6087.05,5412.36,4812.69,4282.29,3809.3,3386.83,3008.29,2666.96,2357.9,2080.57,1835.73,1621.82,1434.99,1270.91,1126,997.591,883.627,782.439,692.646,612.993,542.365,479.744,424.249,375.087,331.564,293.057,258.988,228.855,202.218,178.671,157.856,139.449,123.168,929.888
1956,15087.3,12986.3,11263.5,9844.8,8661.75,7658.72,6791.27,6030.4,5357.85,4761.19,4232.58,3765.75,3349.7,2978.18,2645.31,2345.16,2073.39,1829.52,1614.23,1426.12,1261.84,1117.56,990.133,877.22,777.006,688.028,609.069,539.028,476.922,421.857,373.058,329.828,291.557,257.696,227.738,201.241,177.818,157.112,138.809,122.623,925.992
1957,15550,13321,11465.9,9944.86,8692.02,7645.43,6753.58,5979.74,5302.93,4707.98,4182.32,3717.52,3307.37,2941.93,2615.62,2323.27,2059.66,1820.98,1606.79,1417.71,1252.51,1108.23,981.505,869.595,770.427,682.414,604.268,534.922,473.407,418.862,370.5,327.642,289.675,256.063,226.325,200.013,176.742,156.17,137.985,121.91,920.956
1958,15987.4,13729.5,11761.4,10123.6,8780.33,7671.64,6739.7,5942.17,5252.54,4653.52,4129.66,3667.99,3260.19,2900.45,2579.96,2293.79,2037.41,1806.24,1596.92,1409.09,1243.27,1098.4,971.867,860.739,762.599,675.633,598.449,529.918,469.104,415.158,367.324,324.913,287.329,254.033,224.557,198.477,175.403,154.995,136.955,121.007,914.551
1959,16234.4,14115.7,12122.1,10384.4,8938.11,7749.77,6763.52,5931.36,5221.38,4611.25,4083.73,3623.49,3218.25,2860.4,2544.76,2263.57,2012.5,1787.56,1584.74,1401.09,1236.29,1090.81,963.698,852.685,755.185,669.079,592.778,525.059,464.933,411.577,364.246,322.279,285.068,252.093,222.88,197.019,174.138,153.893,135.988,120.16,908.565
1960,16189.2,14333.8,12463.1,10702.9,9168.45,7889.17,6832.82,5953.05,5212.77,4584.8,4047.48,3583.95,3179.88,2824.22,2510.17,2233.18,1986.41,1766.08,1568.68,1390.7,1229.53,1084.92,957.247,845.699,748.279,662.717,587.155,520.196,460.769,408.005,361.182,319.647,282.818,250.164,221.226,195.59,172.895,152.815,135.05,119.337,902.764
1961,15991,14293.8,12655.6,11004,9449.59,8092.02,6953.78,6010.11,5226.65,4571.78,4019.11,3547.47,3141.02,2786.84,2475.12,2199.89,1957.13,1740.87,1547.78,1374.78,1218.79,1077.55,950.809,838.921,741.162,655.784,580.799,514.577,455.895,403.814,357.571,316.536,280.135,247.858,219.241,193.88,171.413,151.523,133.926,118.356,895.759
1962,15990.1,14118.8,12620.4,11174,9715.48,8340.68,7134.54,6120.23,5281.51,4588.87,4012.3,3526.74,3112.73,2756.05,2445.27,2171.75,1930.25,1717.25,1527.5,1358.07,1206.27,1069.41,945.475,834.269,736.095,650.318,575.405,509.611,451.505,400.016,354.318,313.744,277.738,245.799,217.479,192.369,170.116,150.403,132.951,117.511,889.816
1963,16455.2,14118.1,12465.9,11142.8,9865.55,8575.06,7352.53,6276.91,5375.18,4633.83,4024.32,3518.1,3092.18,2729.13,2416.39,2143.91,1904.1,1692.36,1505.61,1339.24,1190.7,1057.61,937.609,828.952,731.452,645.377,570.172,504.491,446.805,395.861,350.717,310.651,275.077,243.509,215.506,190.676,168.661,149.151,131.867,116.566,883.181
1964,17142.5,14528.7,12465.2,11006.4,9838.12,8708.7,7564.1,6478.41,5525.23,4728.77,4075.55,3539.14,3093.86,2719.27,2400,2124.98,1885.35,1674.46,1488.26,1324.03,1177.73,1047.1,930.06,824.533,728.98,643.238,567.544,501.408,443.649,392.92,348.119,308.42,273.186,241.903,214.142,189.516,167.68,148.32,131.163,115.964,879.177
1965,17939.7,15135.5,12827.8,11005.8,9717.66,8683.93,7679.48,6659.77,5696.05,4854.07,4152.88,3578.74,3107.58,2716.56,2387.64,2107.31,1865.82,1655.42,1470.25,1306.76,1162.56,1034.1,919.398,816.634,723.976,640.076,564.791,498.328,440.259,389.543,345.001,305.664,270.807,239.87,212.401,188.026,166.403,147.231,130.231,115.167,873.777
1966,18830.4,15839.4,13363.5,11325.9,9717.22,8578.82,7662.91,6772.05,5869.44,5018.42,4275.98,3658.1,3152.31,2737.28,2392.85,2103.12,1856.19,1643.48,1458.15,1295.05,1151.04,1024.02,910.871,809.839,719.321,637.704,563.802,497.489,438.946,387.796,343.124,303.889,269.24,238.536,211.286,187.091,165.62,146.574,129.686,114.713,871.098
1967,18778,16625.8,13985,11798.9,9999.4,8572.46,7541.3,6685.86,5852.53,5028.85,4273.19,3627.35,3096.87,2665.91,2313.74,2022.1,1777.05,1568.3,1388.54,1231.94,1094.13,972.453,865.139,769.54,684.183,607.709,538.756,476.321,420.296,370.837,327.624,289.883,256.736,227.463,201.524,178.502,158.061,139.922,123.831,109.563,832.847
1968,17639.8,16579.6,14679.2,12347.6,10416.9,8819.77,7528.66,6564.43,5755.73,4988.94,4257.07,3602.26,3050.91,2601.75,2238.43,1942.2,1697.16,1491.38,1316.14,1165.26,1033.83,918.17,816.061,726.004,645.778,574.148,509.973,452.109,399.715,352.7,311.196,274.932,243.261,215.445,190.881,169.113,149.793,132.64,117.418,103.915,790.842
1969,15211.8,15574.6,14638.5,12960.6,10901.6,9192.58,7766.29,6599.71,5722.39,4992.57,4312.31,3671.95,3103.6,2627.06,2239.66,1926.64,1671.55,1460.61,1283.49,1132.67,1002.81,889.698,790.165,702.29,624.787,555.746,494.102,438.874,389.077,343.987,303.528,267.809,236.602,209.346,185.409,164.268,145.535,128.909,114.147,101.048,770.012
1970,60783.8,13430.9,13751.2,12924.7,11443,9622.44,8104.99,6834.23,5796.09,5018.2,4374.31,3776.49,3214.94,2717.02,2299.7,1960.53,1686.5,1463.2,1278.54,1123.5,991.477,877.808,778.795,691.668,614.747,546.905,486.47,432.51,384.166,340.577,301.108,265.692,234.426,207.108,183.25,162.297,143.792,127.394,112.84,99.9185,762.478
1971,49939.6,53667.5,11858.4,12141.3,11411.3,10101,8486.28,7135.67,6005.02,5084.57,4397.42,3830.78,3306.16,2814.08,2378.06,2012.73,1715.85,1476,1280.57,1118.95,983.262,867.718,768.237,681.582,605.331,538.012,478.638,425.747,378.523,336.213,298.065,263.522,232.527,205.164,181.256,160.376,142.038,125.843,111.492,98.7551,754.749
1972,6682.39,44092.9,47384.3,10470.1,10719.6,10072.4,8905.63,7465.61,6261.79,5258.82,4446.7,3842.74,3346.2,2887.35,2457.36,2076.5,1757.46,1498.21,1288.78,1118.13,977.017,858.536,757.648,670.786,595.123,528.544,469.764,417.922,371.74,330.507,293.564,260.255,230.094,203.031,179.138,158.264,140.032,124.02,109.88,97.349,745.236
1973,5619.96,5900.05,38930.7,41836.8,9244.12,9461.79,8880.66,7836.43,6555.72,5490.07,4606.3,3892.92,3363.3,2928.33,2526.63,2150.3,1817.01,1537.82,1310.97,1127.71,978.385,854.908,751.235,662.956,586.949,520.743,462.485,411.052,365.689,325.279,289.199,256.874,227.727,201.336,177.655,156.749,138.483,122.531,108.52,96.1465,737.276
1974,7593.69,4962,5209.3,34372.8,36937.9,8159.21,8340.83,7810.39,6874.4,5739.25,4800.03,4024.37,3399.81,2936.72,2556.69,2205.87,1877.27,1586.28,1342.54,1144.49,984.502,854.14,746.343,655.834,578.766,512.412,454.613,403.753,358.852,319.25,283.971,252.473,224.253,198.808,175.768,155.094,136.843,120.897,106.97,94.7387,727.584
1975,15939.6,6704.66,4381.07,4599.41,30347.9,32603.5,7194.1,7340.6,6860.48,6029.52,5029.36,4204.24,3523.98,2976.72,2571.11,2238.33,1931.17,1643.48,1388.72,1175.34,1001.95,861.887,747.761,653.389,574.153,506.683,448.593,397.993,353.468,314.158,279.488,248.604,221.028,196.323,174.047,153.877,135.778,119.8,105.84,93.6475,719.905
1976,5138.17,14073.5,5919.71,3868.15,4060.85,26787.7,28750.4,6332.98,6450.33,6020.3,5286.73,4407.79,3683.82,3087.42,2607.82,2252.42,1960.86,1691.77,1439.74,1216.56,1029.63,877.735,755.036,655.058,572.385,502.973,443.867,392.979,348.652,309.647,275.21,244.839,217.783,193.626,171.984,152.47,134.8,118.945,104.948,92.7182,712.693
1977,29436.5,4536.62,12425.8,5226.65,3415.2,3584.2,23613.3,25284.7,5555.48,5647.11,5263.85,4619.1,3849.72,3216.81,2695.78,2276.92,1966.57,1712,1477.04,1257,1062.15,898.939,766.327,659.201,571.913,499.733,439.131,387.528,343.099,304.398,270.344,240.278,213.762,190.14,169.05,150.154,133.117,117.69,103.847,91.6269,703.181
1978,44978.2,25990.2,4005.49,10971,4614.62,3014.26,3159.35,20771.2,22199.4,4871.78,4949.24,4612.17,4046.82,3372.61,2818.09,2361.62,1994.67,1722.79,1499.77,1293.95,1101.18,930.481,787.504,671.331,577.484,501.016,437.785,384.695,339.489,300.567,266.664,236.831,210.493,187.263,166.57,148.094,131.54,116.615,103.101,90.9741,696.281
1979,14314.5,39712.4,22947.4,3536.54,9686.11,4071.98,2654.91,2774.76,18195.9,19415.8,4257.53,4323.71,4028.65,3534.61,2945.66,2461.31,2062.62,1742.12,1504.66,1309.88,1130.12,961.754,812.669,687.795,586.33,504.366,437.581,382.355,335.987,296.504,262.511,232.9,206.845,183.841,163.553,145.48,129.343,114.886,101.85,90.0468,687.577
1980,24788.6,12638.7,35062.7,20260.6,3121.79,8520.94,3534.2,2254.73,2312.15,15008.5,15971,3506.89,3572.17,3339.78,2939.73,2456.9,2057.88,1728.01,1461.92,1264.36,1101.91,951.542,810.383,685.179,580.183,494.797,425.772,369.496,322.938,283.83,250.516,221.824,196.824,174.82,155.39,138.25,122.98,109.343,97.1249,86.1072,657.463
1981,41210.3,21886.5,11158.7,30956.9,17878.5,2730.28,7189.09,2808.5,1697.45,1690.48,10895.6,11655.5,2585.55,2663.41,2516.44,2235.4,1882.71,1587.03,1339.61,1138.17,987.786,863.308,747.228,637.585,539.916,457.764,390.805,336.579,292.302,255.622,224.777,198.475,175.803,156.034,138.623,123.24,109.664,97.5639,86.7555,77.0683,590.119
1982,21602.5,36385.6,19323.3,9851.87,27307.7,15543.5,2236.69,5317.95,1888.22,1082.99,1066.58,6959.49,7606.36,1726.52,1816.53,1747.87,1576.46,1344.42,1144.86,974.392,833.44,727.275,638.457,554.621,474.649,402.922,342.302,292.716,252.446,219.485,192.123,169.071,149.384,132.39,117.555,104.477,92.9114,82.6977,73.5888,65.4481,503.484
1983,13733,19073.4,32124.2,17060.1,8688.27,23644.4,12479.7,1573.06,3290.83,1086.83,613.222,613.633,4119.29,4640.62,1082.97,1166.84,1145.12,1049.62,906.924,780.542,670.053,577.139,506.49,446.701,389.519,334.392,284.587,242.281,207.546,179.25,156.032,136.715,120.41,106.462,94.4045,83.8655,74.5641,66.3317,59.056,52.5631,406.54
1984,27060.1,12125.2,16840,28362.4,15055.6,7603.14,19944.9,9880.73,1175.87,2385.54,781.687,442.524,445.724,3010.92,3408.93,798.474,862.598,848.147,778.472,673.302,579.895,498.077,429.184,376.764,332.369,289.877,248.889,211.844,180.369,154.521,133.463,116.182,101.803,89.6644,79.2799,70.3027,62.4555,55.5295,49.3994,43.9814,341.919
1985,19682.6,23892,10705.4,14868,25031.6,13176.3,6398.71,15671.8,7305.28,844.613,1710.09,566.296,324.845,331.013,2256.17,2571.2,605.079,655.852,646.403,594.326,514.685,443.7,381.368,328.797,288.76,254.818,222.298,190.905,162.518,138.39,118.571,102.421,89.1656,78.1347,68.8218,60.8536,53.9647,47.9425,42.6269,37.9218,296.249
1986,9244.27,17378.3,21094.3,9451.8,13122.7,21934.3,11162.9,5110,11877.6,5399.41,622.896,1272.15,425.978,246.779,253.402,1736.93,1987.46,469.052,509.46,502.869,462.862,401.164,346.049,297.575,256.648,225.46,199.004,173.638,149.138,126.976,108.135,92.6561,80.0411,69.6855,61.0672,53.7904,47.564,42.1805,37.4741,33.3197,261.215
1987,23620.4,8162,15343.4,18624.2,8342.01,11497.5,18589.5,8929.39,3882.15,8794.09,3982.01,462.422,953.169,321.854,187.686,193.658,1332.03,1527.94,361.246,392.871,388.156,357.527,310.034,267.548,230.143,198.539,174.447,154,134.387,115.437,98.2911,83.7119,71.7329,61.9693,53.9538,47.2825,41.6494,36.829,32.6611,29.0173,228.072
1988,14924.4,20855,7206.21,13546.6,16436,7292.25,9616.45,14381.4,6440.39,2706.44,6112,2799.56,329.914,688.913,234.969,138.028,143.168,988.426,1136.83,269.295,293.285,290.071,267.393,232.015,200.314,172.372,148.745,130.725,115.424,100.739,86.5446,73.6973,62.7711,53.7922,46.4731,40.4638,35.4618,31.2379,27.6233,24.4977,192.839
1989,10930.2,13177.1,18413,6362.37,11955.6,14388.4,6152.53,7609.89,10752.7,4684.76,1962.67,4469.66,2069.86,246.311,518.237,177.736,104.822,109.031,754.268,868.779,206.019,224.552,222.224,204.945,177.892,153.629,132.228,114.123,100.312,88.5809,77.3183,66.4286,56.5709,48.1863,41.2953,35.6778,31.0653,27.2257,23.9833,21.2085,166.87
1990,16909.5,9650.59,11634.1,16256.7,5614.65,10445.3,12002.1,4730.01,5437.85,7418.26,3222.79,1366.69,3160.36,1483.29,178.343,378.068,130.362,77.1759,80.4946,557.954,643.592,152.783,166.662,165.037,152.278,132.227,114.226,98.3372,84.8888,74.6267,65.9077,57.5337,49.4346,42.1016,35.8635,30.7362,26.5561,23.1235,20.2661,17.8529,140.009
1991,30373.3,14929.8,8520.49,10271.7,14345.2,4905.67,8740.42,9315.16,3425.58,3793.57,5125.63,2236.17,956.115,2228.44,1052.5,127.138,270.426,93.4694,55.4305,57.8862,401.61,463.567,110.104,120.153,119.017,109.842,95.3967,82.4221,70.9659,61.2667,53.8645,47.5742,41.5318,35.6869,30.3942,25.8916,22.1905,19.1729,16.695,14.6321,113.979
1992,11369.5,26817.4,13181.6,7522.77,9065.33,12574.9,4178.24,7085.79,7215.32,2584.92,2836.62,3831.81,1676.54,719.202,1680.95,795.615,96.2573,204.972,70.9035,42.0731,43.9562,305.064,352.213,83.6713,91.3212,90.4685,83.5017,72.5255,62.6652,53.9576,46.5847,40.9577,36.1756,31.5815,27.1374,23.1131,19.6893,16.8749,14.5803,12.696,97.8059
1993,14306.4,10038.4,23677.2,11638.1,6638.98,7944.86,10710.7,3391.55,5503.53,5463.64,1939.22,2125.85,2877.1,1261.82,542.412,1269.75,601.686,72.8556,155.233,53.7217,31.8879,33.3232,231.311,267.099,63.4585,69.2662,68.624,63.3428,55.0188,47.5402,40.9355,35.3428,31.0742,27.4465,23.9613,20.5897,17.5365,14.9389,12.8036,11.0627,83.843
1994,12949,12631.5,8862.91,20904.6,10269.6,5803.92,6678.12,8416.81,2504.75,3924.47,3851.01,1367.12,1504.75,2045.43,900.311,388.06,910.205,431.917,52.3518,111.628,38.6518,22.952,23.9923,166.58,192.387,45.7146,49.9039,49.4456,45.6436,39.6477,34.2601,29.5015,25.4717,22.3959,19.7818,17.2701,14.8403,12.6398,10.7676,9.22862,68.4072
1995,8074.49,11433,11152.4,7825.08,18448.7,8994.41,4920.53,5353.74,6408.89,1852.56,2875.16,2822.94,1006.08,1112.04,1516.89,669.433,289.099,679.028,322.537,39.1224,83.4636,28.9113,17.1731,17.9556,124.689,144.026,34.2269,37.3668,37.0262,34.181,29.6923,25.6585,22.0952,19.0776,16.7743,14.8166,12.9355,11.1157,9.46753,8.06528,58.1527
1996,5938.68,7129.17,10094.2,9846.43,6905.64,16147.4,7597.8,3909.39,4020.19,4663.08,1334.66,2073.68,2045.49,732.533,812.889,1112.13,491.864,212.743,500.241,237.806,28.8619,61.6012,21.3454,12.6822,13.2628,92.1146,106.413,25.2909,27.6132,27.3632,25.2619,21.9453,18.9646,16.3314,14.1013,12.399,10.9521,9.56181,8.21667,6.99844,48.9493
1997,9111.79,5243.41,6294.38,8912.22,8689.87,6049.88,13707,6106.66,2985.79,2980.34,3419.93,978.187,1524.31,1508.88,541.993,602.843,826.166,365.839,158.375,372.642,177.232,21.5179,45.939,15.9216,9.46123,9.89554,68.7348,79.4105,18.8745,20.6086,20.4229,18.8552,16.3802,14.1557,12.1904,10.5259,9.25539,8.17541,7.13766,6.13358,41.7645
1998,16357.2,8045.02,4629.42,5557.31,7865.18,7608.11,5117.62,10928.7,4613.27,2190.11,2167.62,2492.23,716.535,1122.35,1115.62,401.982,448.117,615.11,272.695,118.151,278.17,132.361,16.0756,34.3292,11.9003,7.07275,7.39835,51.3945,59.3817,14.1149,15.4126,15.2743,14.1023,12.2516,10.588,9.11824,7.87336,6.92308,6.11532,5.33912,35.8293
1999,21647,14442.1,7103.03,4087.35,4904.83,6901.59,6518.63,4210.76,8658.55,3572.46,1679.83,1658.62,1907.87,549.189,861.256,856.926,308.993,344.641,473.257,209.868,90.9493,214.161,101.916,12.3791,26.4372,9.16504,5.44734,5.69832,39.5859,45.739,10.8722,11.872,11.7657,10.863,9.43744,8.15603,7.0239,6.06498,5.33298,4.71076,31.7131
2000,17853.7,19112.7,12751.1,6271.33,3607.73,4306.37,5920.77,5376.05,3352.91,6768.48,2779.92,1310.15,1299.16,1500.55,433.368,681.291,679.068,245.172,273.706,376.099,166.864,72.3391,170.386,81.1009,9.85245,21.0439,7.29605,4.33683,4.53693,31.5194,36.4203,8.65746,9.4538,9.36935,8.65069,7.51558,6.4952,5.59367,4.83005,4.24713,29.0079
2001,9836.42,15763.5,16874.8,11258.1,5536.06,3170.69,3704.27,4907.8,4320.16,2660.28,5379.89,2227.91,1059.77,1059.26,1230.95,357.092,563.166,562.601,203.451,227.397,312.735,138.84,60.2192,141.891,67.5572,8.20895,17.5366,6.08092,3.61495,3.78209,26.2773,30.3649,7.21839,7.88267,7.81251,7.21346,6.26709,5.41632,4.6646,4.02787,27.7326
2002,8746.8,8684.82,13917.9,14899.1,9939.12,4876.77,2763.79,3171.32,4139.08,3620.34,2230.37,4526.67,1882.41,898.679,900.785,1048.95,304.747,481.122,481.005,174.04,194.602,267.714,118.88,51.5707,121.53,57.8688,7.03229,15.0239,5.2099,3.09729,3.24061,22.5158,26.0188,6.18536,6.75469,6.69466,6.18139,5.37046,4.64145,3.9973,27.2172
2003,8498.78,7722.77,7668.03,12288.4,13154.4,8772.37,4297.26,2428.3,2779.18,3621.87,3165.7,1949.64,3956.25,1645.06,785.333,787.155,916.622,266.3,420.422,420.318,152.082,170.05,233.937,103.881,45.0641,106.196,50.5676,6.14503,13.1284,4.55258,2.70651,2.83175,19.675,22.7361,5.40496,5.90246,5.85,5.40149,4.69288,4.05584,27.2762
2004,28098.8,7503.78,6818.62,6770.29,10849.6,11613.9,7744.15,3792.8,2142.76,2451.96,3195.07,2792.48,1719.72,3489.64,1451.03,692.7,694.305,808.5,234.888,370.83,370.739,134.143,149.991,206.342,91.6273,39.7485,93.6696,44.6027,5.42018,11.5798,4.01556,2.38726,2.49772,17.3542,20.0542,4.7674,5.20622,5.15995,4.76434,4.13931,27.6362
2005,5401.28,24809.1,6625.28,6020.33,5977.6,9578.7,10250.9,6832.36,3344.75,1889.03,2161.19,2815.87,2460.91,1515.49,3075.16,1278.67,610.417,611.831,712.46,206.986,326.78,326.699,118.208,132.174,181.831,80.743,35.0268,82.5427,39.3044,4.77632,10.2042,3.53856,2.10368,2.20102,15.2927,17.672,4.20109,4.58777,4.547,4.19839,28.0009
2006,21897.3,4768.93,21904.6,5849.62,5315.42,5277.27,8453.46,9040.13,6020.21,2945.05,1662.48,1901.45,2477.05,2164.63,1332.97,2704.76,1124.64,536.884,538.126,626.632,182.051,287.413,287.342,103.968,116.251,159.926,71.0159,30.8071,72.5988,34.5694,4.20092,8.97493,3.11227,1.85025,1.93586,13.4504,15.543,3.69498,4.03508,3.99922,28.3203
2007,5426.35,19333.7,4210.6,19340.1,5164.68,4692.67,4657.54,7455.79,7966.49,5301.16,2591.88,1462.62,1672.55,2178.66,1903.78,1172.32,2378.74,989.078,472.167,473.258,551.095,160.105,252.766,252.704,91.4346,102.237,140.647,62.4552,27.0934,63.8473,30.4022,3.69451,7.89303,2.7371,1.62721,1.7025,11.829,13.6694,3.24957,3.54867,28.4235
2008,51588.1,4791.06,17070.2,3717.64,17075.5,4559.61,4141.7,4108.04,6570.45,7014.76,4665.04,2280.01,1286.37,1470.85,1915.82,1674.06,1030.85,2091.67,869.713,415.183,416.142,484.585,140.783,222.261,222.206,80.3996,89.8984,123.673,54.9176,23.8236,56.1417,26.733,3.24863,6.94044,2.40676,1.43082,1.49703,10.4014,12.0196,2.85738,28.1135
2009,6754.76,45548.4,4230.15,15071.7,3282.36,15075,4023.88,3652.17,3619.12,5783.95,6171.78,4103.12,2005.03,1131.12,1293.28,1684.5,1471.92,906.365,1839.08,764.686,365.045,365.888,426.065,123.781,195.42,195.371,70.6903,79.042,108.738,48.2856,20.9466,49.3618,23.5047,2.85631,6.10229,2.11611,1.25803,1.31624,9.14527,10.5681,27.2307
2010,33813.3,5963.94,40215.8,3734.9,13307.1,2897.89,13305.6,3549.66,3219.79,3189.08,5095.01,5435.59,3613.32,1765.59,996.017,1138.79,1483.27,1296.07,798.085,1619.37,673.331,321.434,322.176,375.164,108.993,172.073,172.031,62.2451,69.599,95.7471,42.517,18.4441,43.4647,20.6966,2.51507,5.37326,1.8633,1.10774,1.15899,8.0527,33.2831
2011,4987.11,29854.6,5265.71,35507.5,3297.62,11748.4,2557.71,11737.2,3129.48,2837.49,2809.72,4488.28,4787.95,3182.67,1555.13,877.284,1003.03,1306.44,1141.56,702.94,1426.32,593.058,283.114,283.767,330.438,95.9995,151.559,151.522,54.8244,61.3016,84.3324,37.4482,16.2453,38.2829,18.2292,2.21523,4.73267,1.64117,0.975675,1.02082,36.4078
2012,3290.63,4403.24,26359.4,4649.23,31350.2,2911.29,10368.5,2255.91,10345.5,2757.02,2499.02,2474.19,3952.11,4215.96,2802.5,1369.4,772.525,883.275,1150.47,1005.29,619.034,1256.07,522.275,249.324,249.901,291.003,84.5429,133.473,133.44,48.2819,53.9862,74.2688,32.9795,14.3067,33.7146,16.0539,1.95089,4.16792,1.44533,0.859248,32.9623
2013,29203.4,2905.38,3887.73,23273.3,4104.85,27676.4,2569.07,9143.01,1987.72,9110.02,2426.84,2199.31,2177.3,3477.81,3710.04,2466.25,1205.12,679.861,777.338,1012.5,884.738,544.806,1105.47,459.655,219.431,219.94,256.114,74.4072,117.471,117.442,42.4937,47.5142,65.3652,29.0258,12.5916,29.6728,14.1293,1.71702,3.66827,1.27206,29.7671
2014,12142.6,25784.4,2565.23,3432.57,20548.1,3623.28,24404.1,2261.57,8037.5,1746.08,8000.67,2131.43,1931.94,1913,3056.22,3260.83,2167.91,1059.45,597.729,683.473,890.284,777.974,479.077,972.121,404.218,192.97,193.42,225.235,65.4365,103.309,103.285,37.3712,41.7867,57.4861,25.5271,11.0739,26.0963,12.4263,1.51006,3.22614,27.298
2015,9513.4,10721,22765.6,2264.9,3030.59,18136,3193.74,21464.4,1985.27,7047.19,1530.16,7010.74,1867.94,1693.44,1677.17,2679.93,2859.76,1901.49,929.332,524.358,599.611,781.082,682.573,420.341,852.956,354.674,169.321,169.718,197.636,57.4189,90.6519,90.6307,32.7929,36.6676,50.4439,22.4,9.71732,22.8995,10.9041,1.32509,26.7852
2016,52259,8399.62,9465.81,20100.3,1999.69,2674.76,15980.2,2806.51,18818.8,1738.42,6168.48,1339.49,6138.93,1636.22,1483.84,1469.98,2349.37,2507.45,1667.46,815.04,459.909,525.948,685.161,598.774,368.749,748.286,311.158,148.549,148.899,173.395,50.3767,79.5344,79.5164,28.7716,32.1713,44.2584,19.6534,8.52583,20.0918,9.56716,24.6637
2017,14546.5,46140.8,7416.22,8357.59,17746.7,1764.81,2356.08,14032.4,2458.03,16459.5,1519.88,5393.89,1171.73,5372.33,1432.45,1299.46,1287.66,2058.41,2197.26,1461.37,714.374,403.138,461.053,600.652,524.941,323.29,656.056,272.812,130.245,130.554,152.033,44.1709,69.7372,69.7219,25.2277,28.2088,38.8074,17.2329,7.4758,17.6173,30.0152
2018,5528.61,12843.5,40738.5,6547.9,7378.16,15619,1530.83,1997.52,11693.6,2034.61,13631.6,1263.58,4505.32,983.014,4523.88,1209.83,1100.09,1092.09,1748.26,1868.26,1243.63,608.353,343.494,393.013,512.189,447.756,275.818,559.825,232.831,111.171,111.446,129.794,37.7121,59.5436,59.5334,21.5421,24.0884,33.1398,14.7164,6.38427,40.679
2019,4305.1,4881.35,11339.6,35968.3,5779.98,6473.39,13310.7,1246.46,1573.81,9119.19,1593.95,10791.5,1011.7,3643.8,801.646,3713.41,998.142,911.176,907.301,1455.88,1558.69,1039.07,508.876,287.592,329.295,429.407,375.57,231.443,469.91,195.488,93.3611,93.6091,109.036,31.6848,50.0322,50.0279,18.1038,20.2449,27.8534,12.3694,39.5602
2020,4610.08,3801.08,4309.8,10011.9,31750.3,5072.46,5524.59,10873.3,986.415,1232.91,7173.11,1266.14,8664.34,820.091,2977.04,659.052,3067.72,827.68,757.761,756.243,1215.63,1303.28,869.774,426.339,241.117,276.239,360.388,315.324,194.377,394.754,164.256,78.4591,78.6788,91.6559,26.6369,42.0647,42.0639,15.2227,17.0238,23.4227,43.6718
2021,9779.95,4070.36,3356.01,3805.16,8837.46,27842.3,4317.36,4499.55,8597.05,774.076,973.373,5725.28,1021.99,7062.34,673.782,2461.19,547.485,2557.88,692.109,635.057,634.891,1021.96,1096.85,732.642,359.372,203.359,233.088,304.205,266.248,164.166,333.468,138.779,66.2988,66.4921,77.4667,22.5151,35.5579,35.5592,12.8693,14.3925,56.7271
2022,10465,8634.96,3593.74,2963.04,3358.54,7734.79,23435.2,3424.7,3426.27,6478.33,588.287,751.155,4487.96,812.082,5673.75,545.976,2007.62,448.877,2105.47,571.441,525.592,526.445,848.668,911.942,609.716,299.306,169.475,194.35,253.755,222.169,137.026,278.403,115.885,55.3705,55.5393,64.7132,18.8101,29.7089,29.7118,10.7536,59.4329
2023,15383.9,9239.84,7623.85,3172.92,2615.1,2936.13,6476.18,18393,2571.43,2543.54,4852.87,447.927,581.561,3525.31,645.391,4550.54,440.991,1630.41,366.068,1722.64,468.728,431.983,433.371,699.511,752.428,503.48,247.32,140.115,160.752,209.964,183.884,113.441,230.532,95.9748,45.8637,46.0089,53.6137,15.5851,24.6169,24.6207,58.1654
2024,13319.1,13582.8,8157.91,6731.12,2800.42,2287.58,2464.69,5106.82,13892.3,1920.96,1917.24,3717.35,348.816,459.394,2817.05,520.401,3694.89,359.995,1336.47,301.035,1420.17,387.189,357.395,358.991,580.034,624.419,418.099,205.489,116.468,133.67,174.642,152.987,94.3992,191.867,79.889,38.1812,38.3056,44.6407,12.9775,20.4994,68.9449
2025,15897.7,11759.8,11992.3,7202.64,5940.76,2449.55,1919.52,1941.31,3850.52,10359.3,1445.72,1466.89,2892.42,275.39,366.979,2271.13,422.538,3016.47,295.136,1099.27,248.24,1173.46,320.436,296.155,297.782,481.534,518.728,347.52,170.877,96.8856,111.229,145.359,127.361,78.6002,159.778,66.5355,31.8022,31.9085,37.1881,10.8116,74.5227
2026,15484.6,14036.5,10382.7,10588,6354.91,5179.12,2022.11,1457.31,1390.02,2715.78,7396.78,1055.19,1094.81,2200.67,212.794,287.004,1792.75,335.922,2411.33,236.935,885.428,200.473,949.621,259.743,240.379,241.959,391.604,422.151,282.982,139.21,78.9613,90.6802,118.536,103.882,64.1222,130.367,54.2949,25.9543,26.0432,30.3545,69.6623
2027,15028,13671.7,12392.8,9166.75,9340.9,5530.57,4234.6,1500.72,1009.88,946.287,1875.84,5242.78,767.728,814.644,1667.26,163.489,222.89,1403.81,264.719,1909.59,188.356,706.017,160.234,760.463,208.322,193.031,194.494,315.04,339.842,227.932,112.179,63.6529,73.1223,95.6091,83.8069,51.7396,105.207,43.8217,20.9499,21.0234,80.7492
2028,14902.5,13268.6,12070.9,10941.7,8091.53,8190.6,4712.65,3467.17,1197.4,800.564,753.906,1508.12,4254.64,628.133,670.949,1380.33,135.9,185.854,1173.36,221.678,1601.45,158.144,593.314,134.754,639.911,175.381,162.57,163.853,265.477,286.437,192.147,94.5805,53.6734,61.6642,80.634,70.6851,43.6411,88.7437,36.9656,17.6728,85.8573
2029,14857.5,13157.8,11715,10657.5,9658.33,7096.01,6984.02,3864.25,2771.92,951.24,639.103,607.233,1225.89,3486.19,518.035,556.174,1148.74,113.444,155.509,983.587,186.091,1345.88,133.025,499.432,113.497,539.216,147.839,137.082,138.199,223.958,241.681,162.147,79.8227,45.3028,52.0516,68.0686,59.6734,36.8441,74.9249,31.2105,87.4162
2030,14873.1,13118,11617.2,10343.3,9407.53,8470.58,6052.66,5730.77,3092.35,2204.34,760.133,515.222,493.99,1005.2,2877.01,429.677,463.119,959.43,94.9698,130.422,826.08,156.466,1132.62,112.027,420.835,95.6796,454.737,124.715,115.669,116.636,189.046,204.034,136.904,67.4026,38.2569,43.9589,57.4888,50.4007,31.12,63.2866,100.205
2031,14924,13131.8,11582.1,10256.9,9130.18,8250.76,7225.78,4967.52,4587.26,2459.87,1761.96,612.943,419.23,405.139,829.698,2386.69,357.842,386.855,803.305,79.6596,109.551,694.662,131.691,953.956,94.4085,354.814,80.6993,383.656,105.247,97.6331,98.4653,159.617,172.291,115.616,56.9263,32.3128,37.1308,48.5613,42.5755,26.2892,138.119
2032,14988.7,13176.7,11594.2,10225.9,9053.9,8007.5,7038.23,5930.25,3976.24,3648.96,1966.18,1420.76,498.739,343.822,334.401,688.29,1987.66,298.912,323.901,673.798,66.9118,92.1224,584.664,110.916,803.923,79.597,299.259,68.0846,323.765,88.8352,82.4225,83.1365,134.783,145.5,97.6456,48.0811,27.2935,31.3645,41.0215,35.9661,138.893
2033,15052.5,13233.9,11633.9,10236.7,9026.55,7940.46,6830.09,5775.17,4745.57,3162,2915.81,1585.03,1155.78,408.946,283.738,277.361,573.123,1660.08,250.233,271.645,565.894,56.2592,77.525,492.369,93.4601,677.713,67.1259,252.449,57.449,273.245,74.9861,69.5828,70.1936,113.811,122.869,82.4635,40.6076,23.0521,26.4915,34.6492,147.704
2034,15108.9,13290.2,11684.4,10271.7,9036.04,7916.35,6772.33,5603.35,4620.32,3772.79,2526.06,2350.04,1289.15,947.522,337.425,235.303,230.919,478.603,1389.55,209.835,228.115,475.744,47.3389,65.2792,414.832,78.7786,571.466,56.6196,212.99,48.4794,230.622,63.2979,58.7435,59.2648,96.0985,103.754,69.6381,34.2935,19.4685,22.3739,154.018
2035,15157.4,13340,11734.1,10316.3,9066.95,7924.65,6751.67,5555.8,4482.67,3673.04,3013.87,2035.84,1911.29,1056.83,781.786,279.818,195.898,192.831,400.599,1165.19,176.206,191.771,400.304,39.8606,54.9982,349.66,66.427,482.013,47.7688,179.732,40.9163,194.67,53.4366,49.5964,50.0405,81.1466,87.6158,58.809,28.9617,16.4422,148.98
2036,15199.9,13382.9,11778.1,10360.2,9106.31,7951.88,6759.3,5539.83,4445.7,3564.54,2934.91,2429.52,1656.08,1567.13,872.113,648.414,232.991,163.609,161.423,335.96,978.572,148.15,161.38,337.104,33.5865,46.3628,294.869,56.0351,406.709,40.3141,151.709,34.5416,164.36,45.1207,41.8815,42.2592,68.532,73.9989,49.671,24.4623,139.73
