"year","seas","fleet","catch","catch_se"
-999,1,1,0,0.01
1916,1,1,6.2,0.01
1917,1,1,9.63,0.01
1918,1,1,11.23,0.01
1919,1,1,7.8,0.01
1920,1,1,7.96,0.01
1921,1,1,6.58,0.01
1922,1,1,5.66,0.01
1923,1,1,6.14,0.01
1924,1,1,3.62,0.01
1925,1,1,3.06,0.01
1926,1,1,8.68,0.01
1927,1,1,11.74,0.01
1928,1,1,16.6,0.01
1929,1,1,23.36,0.01
1930,1,1,20.8,0.01
1931,1,1,20.39,0.01
1932,1,1,22.13,0.01
1933,1,1,34.53,0.01
1934,1,1,30.697627603,0.01
1935,1,1,29.125883331,0.01
1936,1,1,24.078491242,0.01
1937,1,1,35.003745652,0.01
1938,1,1,32.210525724,0.01
1939,1,1,40.764766477,0.01
1940,1,1,74.375944576,0.01
1941,1,1,92.294943842,0.01
1942,1,1,131.730869124,0.01
1943,1,1,471.609125784,0.01
1944,1,1,926.014112986,0.01
1945,1,1,1567.17696485,0.01
1946,1,1,1095.937860416,0.01
1947,1,1,554.480265468,0.01
1948,1,1,441.141353543,0.01
1949,1,1,331.6864851785,0.01
1950,1,1,363.720240229,0.01
1951,1,1,508.852419835,0.01
1952,1,1,510.9349969,0.01
1953,1,1,458.127856349,0.01
1954,1,1,428.959502494,0.01
1955,1,1,449.824188726,0.01
1956,1,1,564.153296858,0.01
1957,1,1,726.161450873,0.01
1958,1,1,670.528839932,0.01
1959,1,1,648.626203329,0.01
1960,1,1,795.498269708,0.01
1961,1,1,668.565502149,0.01
1962,1,1,751.22998547,0.01
1963,1,1,420.309784698,0.01
1964,1,1,593.333957223,0.01
1965,1,1,244.221268389,0.01
1966,1,1,579.065305154,0.01
1967,1,1,886.517947646,0.01
1968,1,1,412.39008755,0.01
1969,1,1,469.5566915,0.01
1970,1,1,287.98905333,0.01
1971,1,1,378.56645613,0.01
1972,1,1,477.95638406,0.01
1973,1,1,482.10290446,0.01
1974,1,1,440.414682414,0.01
1975,1,1,451.08314789,0.01
1976,1,1,560.97820465,0.01
1977,1,1,996.8037813,0.01
1978,1,1,1257.2852131,0.01
1979,1,1,1772.94076988728,0.01
1980,1,1,2861.43233712833,0.01
1981,1,1,4906.96203561269,0.01
1982,1,1,4977.50443538127,0.01
1983,1,1,6747.41151237925,0.01
1984,1,1,3292.48734787763,0.01
1985,1,1,2596.59314356559,0.01
1986,1,1,3673.0705361752,0.01
1987,1,1,4194.59996376473,0.01
1988,1,1,4131.11295595357,0.01
1989,1,1,4567.69792148225,0.01
1990,1,1,5399.17423280627,0.01
1991,1,1,3928.70509223084,0.01
1992,1,1,4307.66602273118,0.01
1993,1,1,5716.97923314317,0.01
1994,1,1,3807.44661939247,0.01
1995,1,1,4088.09639807989,0.01
1996,1,1,3587.00708444282,0.01
1997,1,1,3777.09504301203,0.01
1998,1,1,2515.73502425947,0.01
1999,1,1,1612.84752912548,0.01
2000,1,1,56.6500079603876,0.01
2001,1,1,39.1006109895658,0.01
2002,1,1,17.2094247166038,0.01
2003,1,1,3.56941963177305,0.01
2004,1,1,8.3298825406689,0.01
2005,1,1,3.13021601478261,0.01
2006,1,1,6.00926435155902,0.01
2007,1,1,4.81001529808864,0.01
2008,1,1,2.15003608968379,0.01
2009,1,1,4.18995839298619,0.01
2010,1,1,4.73099131305164,0.01
2011,1,1,18.3416755080412,0.01
2012,1,1,41.6059592045326,0.01
2013,1,1,51.2684627834604,0.01
2014,1,1,71.2804600854701,0.01
2015,1,1,12.18,0.01
2016,1,1,9.62,0.01
2017,1,1,35.93,0.01
2018,1,1,35.93,0.01
2019,1,1,27.8571478596187,0.01
2020,1,1,73.6267973155424,0.01
2021,1,1,103.740668092211,0.01
2022,1,1,126.776159041678,0.01
2023,1,1,82.331004297189,0.01
2024,1,1,27.5869992661148,0.01
-999,1,2,0,0.01
1916,1,2,0,0.01
1917,1,2,0,0.01
1918,1,2,0,0.01
1919,1,2,0,0.01
1920,1,2,0,0.01
1921,1,2,0,0.01
1922,1,2,0,0.01
1923,1,2,0,0.01
1924,1,2,0,0.01
1925,1,2,0,0.01
1926,1,2,0,0.01
1927,1,2,0,0.01
1928,1,2,0,0.01
1929,1,2,0,0.01
1930,1,2,0,0.01
1931,1,2,0,0.01
1932,1,2,0,0.01
1933,1,2,0,0.01
1934,1,2,0.007627603,0.01
1935,1,2,0,0.01
1936,1,2,0,0.01
1937,1,2,0,0.01
1938,1,2,0,0.01
1939,1,2,0,0.01
1940,1,2,0,0.01
1941,1,2,0,0.01
1942,1,2,0,0.01
1943,1,2,0,0.01
1944,1,2,0,0.01
1945,1,2,0,0.01
1946,1,2,0,0.01
1947,1,2,0,0.01
1948,1,2,0,0.01
1949,1,2,1.8564851785,0.01
1950,1,2,0,0.01
1951,1,2,0,0.01
1952,1,2,0,0.01
1953,1,2,0,0.01
1954,1,2,0,0.01
1955,1,2,0,0.01
1956,1,2,0,0.01
1957,1,2,0,0.01
1958,1,2,0,0.01
1959,1,2,0,0.01
1960,1,2,0,0.01
1961,1,2,0,0.01
1962,1,2,0,0.01
1963,1,2,0,0.01
1964,1,2,0,0.01
1965,1,2,0,0.01
1966,1,2,0,0.01
1967,1,2,0,0.01
1968,1,2,0,0.01
1969,1,2,0,0.01
1970,1,2,0,0.01
1971,1,2,0,0.01
1972,1,2,0,0.01
1973,1,2,0,0.01
1974,1,2,0,0.01
1975,1,2,0,0.01
1976,1,2,0,0.01
1977,1,2,0,0.01
1978,1,2,0,0.01
1979,1,2,7572.71724611272,0.01
1980,1,2,18710.1762248717,0.01
1981,1,2,23021.6615563873,0.01
1982,1,2,20817.9459546187,0.01
1983,1,2,3487.22167262075,0.01
1984,1,2,6558.58329112237,0.01
1985,1,2,5999.96071843441,0.01
1986,1,2,5568.4406038248,0.01
1987,1,2,8341.07090323527,0.01
1988,1,2,6232.71452404643,0.01
1989,1,2,7912.89649851775,0.01
1990,1,2,4447.09008519373,0.01
1991,1,2,2059.17803845542,0.01
1992,1,2,1481.1613169707,0.01
1993,1,2,2286.50450607239,0.01
1994,1,2,2164.7375873538,0.01
1995,1,2,2279.35491780111,0.01
1996,1,2,1846.99731088462,0.01
1997,1,2,2442.80933656705,0.01
1998,1,2,882.924259379325,0.01
1999,1,2,2050.32405282287,0.01
2000,1,2,3665.02104143829,0.01
2001,1,2,1689.95541510434,0.01
2002,1,2,251.385665855377,0.01
2003,1,2,9.64301287744681,0.01
2004,1,2,28.7149811624749,0.01
2005,1,2,32.84981004,0.01
2006,1,2,12.8371948983296,0.01
2007,1,2,1.5500254968144,0.01
2008,1,2,42.1523277846047,0.01
2009,1,2,36.4429060041445,0.01
2010,1,2,54.7347185806573,0.01
2011,1,2,43.8873303476804,0.01
2012,1,2,48.6601922490085,0.01
2013,1,2,241.066557447771,0.01
2014,1,2,306.620959022602,0.01
2015,1,2,479.2,0.01
2016,1,2,588,0.01
2017,1,2,4852.1,0.01
2018,1,2,9374.3,0.01
2019,1,2,8157.91616180915,0.01
2020,1,2,7532.16781094722,0.01
2021,1,2,10141.3395236247,0.01
2022,1,2,10839.8353199434,0.01
2023,1,2,10228.0290797833,0.01
2024,1,2,9160.79121149874,0.01
-999,1,3,0,0.01
1916,1,3,0,0.01
1917,1,3,0,0.01
1918,1,3,0,0.01
1919,1,3,0,0.01
1920,1,3,0,0.01
1921,1,3,0,0.01
1922,1,3,0,0.01
1923,1,3,0,0.01
1924,1,3,0,0.01
1925,1,3,0,0.01
1926,1,3,0,0.01
1927,1,3,0,0.01
1928,1,3,0,0.01
1929,1,3,0,0.01
1930,1,3,0,0.01
1931,1,3,0,0.01
1932,1,3,0,0.01
1933,1,3,0,0.01
1934,1,3,0,0.01
1935,1,3,0,0.01
1936,1,3,0,0.01
1937,1,3,0,0.01
1938,1,3,0,0.01
1939,1,3,0,0.01
1940,1,3,0,0.01
1941,1,3,0,0.01
1942,1,3,0,0.01
1943,1,3,0,0.01
1944,1,3,0,0.01
1945,1,3,0,0.01
1946,1,3,0,0.01
1947,1,3,0,0.01
1948,1,3,0,0.01
1949,1,3,0,0.01
1950,1,3,0,0.01
1951,1,3,0,0.01
1952,1,3,0,0.01
1953,1,3,0,0.01
1954,1,3,0,0.01
1955,1,3,0,0.01
1956,1,3,0,0.01
1957,1,3,0,0.01
1958,1,3,0,0.01
1959,1,3,0,0.01
1960,1,3,0,0.01
1961,1,3,0,0.01
1962,1,3,0,0.01
1963,1,3,0,0.01
1964,1,3,0,0.01
1965,1,3,0,0.01
1966,1,3,3670,0.01
1967,1,3,3902,0.01
1968,1,3,1956,0.01
1969,1,3,358,0.01
1970,1,3,554,0.01
1971,1,3,701,0.01
1972,1,3,421,0.01
1973,1,3,656,0.01
1974,1,3,418,0.01
1975,1,3,391.16,0.01
1976,1,3,718.52,0.01
1977,1,3,119.34,0.01
1978,1,3,191.88,0.01
1979,1,3,197.9,0.01
1980,1,3,272,0.01
1981,1,3,227.95,0.01
1982,1,3,157.51,0.01
1983,1,3,131.46,0.01
1984,1,3,294.74,0.01
1985,1,3,182.61,0.01
1986,1,3,256.77,0.01
1987,1,3,181.31,0.01
1988,1,3,231.61,0.01
1989,1,3,211.96,0.01
1990,1,3,230.18,0.01
1991,1,3,562.909380313741,0.01
1992,1,3,451.818135098118,0.01
1993,1,3,276.363030784443,0.01
1994,1,3,612.279432253726,0.01
1995,1,3,464.853131118997,0.01
1996,1,3,837.844341072563,0.01
1997,1,3,378.818690320918,0.01
1998,1,3,615.008647461205,0.01
1999,1,3,386.146450151654,0.01
2000,1,3,288.670012901318,0.01
2001,1,3,218.635498906092,0.01
2002,1,3,159.979664418019,0.01
2003,1,3,27.0866515307801,0.01
2004,1,3,49.5600159568562,0.01
2005,1,3,158.004689005217,0.01
2006,1,3,193.103438700111,0.01
2007,1,3,228.391800075097,0.01
2008,1,3,217.966766815711,0.01
2009,1,3,135.337559502869,0.01
2010,1,3,106.374782826291,0.01
2011,1,3,149.654537834278,0.01
2012,1,3,181.965741866459,0.01
2013,1,3,176.391297198768,0.01
2014,1,3,342.160734091928,0.01
2015,1,3,386.2,0.01
2016,1,3,440.8,0.01
2017,1,3,1455.2,0.01
2018,1,3,1081.3,0.01
2019,1,3,1101.55148125787,0.01
2020,1,3,746.694411687368,0.01
2021,1,3,617.298069237073,0.01
2022,1,3,1119.03115041665,0.01
2023,1,3,673.16086296277,0.01
2024,1,3,533.840255788549,0.01
-999,1,4,0,0.01
1916,1,4,0,0.01
1917,1,4,0,0.01
1918,1,4,0.04595,0.01
1919,1,4,0.03675,0.01
1920,1,4,0.0341,0.01
1921,1,4,0.01745,0.01
1922,1,4,0.02265,0.01
1923,1,4,0.0561,0.01
1924,1,4,0.0732,0.01
1925,1,4,0.1213,0.01
1926,1,4,0.1637,0.01
1927,1,4,0.14355,0.01
1928,1,4,0.17515,0.01
1929,1,4,0.2804,0.01
1930,1,4,0.3707,0.01
1931,1,4,0.08165,0.01
1932,1,4,0.06155,0.01
1933,1,4,0.2132,0.01
1934,1,4,0.1077,0.01
1935,1,4,0.2893,0.01
1936,1,4,0.06125,0.01
1937,1,4,0.1201,0.01
1938,1,4,0.0686,0.01
1939,1,4,0.16925,0.01
1940,1,4,0.43555,0.01
1941,1,4,0.56775,0.01
1942,1,4,0.0464,0.01
1943,1,4,0.09535,0.01
1944,1,4,0.0432,0.01
1945,1,4,0.10405,0.01
1946,1,4,1.3129,0.01
1947,1,4,1.37515,0.01
1948,1,4,1.2844,0.01
1949,1,4,1.3232,0.01
1950,1,4,2.2426,0.01
1951,1,4,1.5073,0.01
1952,1,4,1.2363,0.01
1953,1,4,1.6793,0.01
1954,1,4,1.45065,0.01
1955,1,4,0.8164,0.01
1956,1,4,2.09515,0.01
1957,1,4,3.20425,0.01
1958,1,4,2.77305,0.01
1959,1,4,2.9544,0.01
1960,1,4,2.52565,0.01
1961,1,4,2.09865,0.01
1962,1,4,1.7641,0.01
1963,1,4,2.87125,0.01
1964,1,4,2.2979,0.01
1965,1,4,2.1983,0.01
1966,1,4,2.20705,0.01
1967,1,4,2.2424,0.01
1968,1,4,3.18775,0.01
1969,1,4,0.5124,0.01
1970,1,4,0.42025,0.01
1971,1,4,0.7651,0.01
1972,1,4,0.9752,0.01
1973,1,4,2.11275,0.01
1974,1,4,1.22885,0.01
1975,1,4,1.4959,0.01
1976,1,4,2.23135,0.01
1977,1,4,3.2178,0.01
1978,1,4,3.56455,0.01
1979,1,4,1.9453,0.01
1980,1,4,3.1704,0.01
1981,1,4,16.0415,0.01
1982,1,4,5.1435,0.01
1983,1,4,267.3582,0.01
1984,1,4,300.9746,0.01
1985,1,4,547.6881,0.01
1986,1,4,502.21265,0.01
1987,1,4,586.00155,0.01
1988,1,4,220.71,0.01
1989,1,4,256.0764,0.01
1990,1,4,411.15,0.01
1991,1,4,234.8,0.01
1992,1,4,45.43,0.01
1993,1,4,51.61,0.01
1994,1,4,58.4,0.01
1995,1,4,57.58,0.01
1996,1,4,16.12,0.01
1997,1,4,16.5432,0.01
1998,1,4,48.89015,0.01
1999,1,4,10.03,0.01
2000,1,4,6.7827,0.01
2001,1,4,7.03565,0.01
2002,1,4,0.0216,0.01
2003,1,4,0.44335,0.01
2004,1,4,0,0.01
2005,1,4,0.13,0.01
2006,1,4,0.00385,0.01
2007,1,4,2.91545,0.01
2008,1,4,0.01385,0.01
2009,1,4,0.21,0.01
2010,1,4,0.0152,0.01
2011,1,4,0.0281,0.01
2012,1,4,0.04175,0.01
2013,1,4,0.01745,0.01
2014,1,4,0.6934,0.01
2015,1,4,0,0.01
2016,1,4,0,0.01
2017,1,4,0,0.01
2018,1,4,0,0.01
2019,1,4,0,0.01
2020,1,4,0.00181436948152151,0.01
2021,1,4,0,0.01
2022,1,4,0.0548846768160258,0.01
2023,1,4,0,0.01
2024,1,4,0,0.01
-999,1,5,0,0.01
1916,1,5,72.11,0.01
1917,1,5,112.22,0.01
1918,1,5,128.88595,0.01
1919,1,5,88.93675,0.01
1920,1,5,91.0441,0.01
1921,1,5,75.49745,0.01
1922,1,5,65.60265,0.01
1923,1,5,72.1561,0.01
1924,1,5,46.7132,0.01
1925,1,5,59.2913,0.01
1926,1,5,86.1237,0.01
1927,1,5,66.95355,0.01
1928,1,5,72.97515,0.01
1929,1,5,63.6804,0.01
1930,1,5,91.9307,0.01
1931,1,5,79.60165,0.01
1932,1,5,78.02155,0.01
1933,1,5,51.5532,0.01
1934,1,5,60.3377,0.01
1935,1,5,68.6493,0.01
1936,1,5,85.54125,0.01
1937,1,5,67.7501,0.01
1938,1,5,50.6286,0.01
1939,1,5,35.05925,0.01
1940,1,5,45.80555,0.01
1941,1,5,36.50775,0.01
1942,1,5,13.3164,0.01
1943,1,5,22.00535,0.01
1944,1,5,39.4132,0.01
1945,1,5,68.02405,0.01
1946,1,5,72.2929,0.01
1947,1,5,93.38515,0.01
1948,1,5,42.1444,0.01
1949,1,5,45.8432,0.01
1950,1,5,66.3926,0.01
1951,1,5,51.1973,0.01
1952,1,5,41.6563,0.01
1953,1,5,15.7093,0.01
1954,1,5,23.16065,0.01
1955,1,5,19.4664,0.01
1956,1,5,44.13515,0.01
1957,1,5,41.17425,0.01
1958,1,5,39.51305,0.01
1959,1,5,31.7844,0.01
1960,1,5,24.60565,0.01
1961,1,5,17.53865,0.01
1962,1,5,17.5641,0.01
1963,1,5,22.82125,0.01
1964,1,5,15.4079,0.01
1965,1,5,22.9483,0.01
1966,1,5,40.01705,0.01
1967,1,5,35.2724,0.01
1968,1,5,23.25775,0.01
1969,1,5,20.4924,0.01
1970,1,5,10.28025,0.01
1971,1,5,12.8051,0.01
1972,1,5,21.1252,0.01
1973,1,5,20.36275,0.01
1974,1,5,45.62885,0.01
1975,1,5,31.4959,0.01
1976,1,5,43.93135,0.01
1977,1,5,43.9678,0.01
1978,1,5,164.78455,0.01
1979,1,5,105.4153,0.01
1980,1,5,59.63,0.01
1981,1,5,71.45,0.01
1982,1,5,186.56,0.01
1983,1,5,33.73,0.01
1984,1,5,26.62,0.01
1985,1,5,27.16,0.01
1986,1,5,84.77265,0.01
1987,1,5,56.50155,0.01
1988,1,5,79.0888,0.01
1989,1,5,45.1,0.01
1990,1,5,135.9614,0.01
1991,1,5,98.1755,0.01
1992,1,5,178.2219,0.01
1993,1,5,109.928,0.01
1994,1,5,81.51,0.01
1995,1,5,27.0573,0.01
1996,1,5,32.7564,0.01
1997,1,5,38.1632,0.01
1998,1,5,86.73015,0.01
1999,1,5,43.8723,0.01
2000,1,5,14.5027,0.01
2001,1,5,7.23565,0.01
2002,1,5,0.5716,0.01
2003,1,5,0.85335,0.01
2004,1,5,0.31,0.01
2005,1,5,1.1422,0.01
2006,1,5,0.88385,0.01
2007,1,5,1.93545,0.01
2008,1,5,1.26385,0.01
2009,1,5,0.41,0.01
2010,1,5,0.1652,0.01
2011,1,5,0.1481,0.01
2012,1,5,0.37175,0.01
2013,1,5,0.99745,0.01
2014,1,5,2.5034,0.01
2015,1,5,2.04,0.01
2016,1,5,0.82,0.01
2017,1,5,2.66,0.01
2018,1,5,1.5,0.01
2019,1,5,2.10389193956469,0.01
2020,1,5,2.74634399786753,0.01
2021,1,5,4.54615922656187,0.01
2022,1,5,8.74396816267811,0.01
2023,1,5,7.0775831919932,0.01
2024,1,5,12.9001874252746,0.01
